Player,Apps,Mins,Goals,Assists,SpG,KeyP,Drb,Fouled,Off,Disp,UnsTch,Rating
"Didier Drogba

Chelsea, 42, FW",31(1),2775,29,10,5.6,1.8,1.2,1.7,1.1,2.3,-,8.32
"Cesc Fàbregas

Arsenal, 33, M(CL),FW",26(1),2194,15,13,3.2,3.5,1.9,1.8,0.1,2.7,-,8.25
"Robin van Persie

Arsenal, 37, AM(C),FW",14(2),1256,9,7,4.8,2.6,0.9,1.4,1.1,2,-,8.07
"Luís Boa Morte

West Ham, 43, AM(C),FW",1,64,1,-,2,1,1,2,1,2,-,8.01
"Frank Lampard

Chelsea, 42, M(C)",36,3220,22,14,3.9,3.2,0.4,0.8,0.1,1.4,-,7.95
"Wayne Rooney

Man Utd, 34, M(CLR),FW",32,2723,26,3,5.7,1.8,1.3,0.9,0.9,2.7,-,7.91
"Mikel Arteta

Everton, 38, M(C)",11(2),1031,6,1,1.8,2.5,0.2,2.2,-,1,-,7.84
"Rafael

Man Utd, 30, D(LR),M(R)",8,683,1,1,0.4,0.8,1.1,1.5,-,1,-,7.82
"Abou Diaby

Arsenal, 34, M(C)",26(3),2322,6,3,1.3,1.2,2.7,1.6,0.1,2.9,-,7.76
"James Collins

West Ham, 37, D(C)",3,270,-,-,0.3,-,-,0.7,-,-,-,7.73
"Fernando Torres

Liverpool, 36, FW",20(2),1718,18,3,3.6,1,1.4,2.2,1,2.1,-,7.65
"Gareth Bale

Tottenham, 31, M(CLR),FW",18(5),1707,3,5,1.7,1.7,2,1.3,0.1,1.6,-,7.64
"Florent Malouda

Chelsea, 40, M(CL)",26(7),2304,12,8,1.9,2.5,1.4,1.2,0.2,1.5,-,7.63
"Richard Dunne

Man City, 40, D(C)",2,180,-,-,-,-,-,-,-,-,-,7.61
"Glen Johnson

Liverpool, 36, D(CLR),M(R)",24(1),2141,3,3,1.1,1.4,2.1,1.2,-,1.2,-,7.61
"Michael Essien

Chelsea, 37, D(R),DMC",13(1),1195,3,-,2.8,0.9,1.1,1.8,0.1,1.1,-,7.60
"Nicolas Anelka

Chelsea, 41, FW",31(2),2705,11,7,3,1.8,1,1.1,0.8,2,-,7.60
"Nemanja Vidic

Man Utd, 38, D(C)",24,2107,1,-,0.5,0.1,0.1,1,-,0.3,-,7.59
"Ciaran Clark

Aston Villa, 30, D(CL)",1,90,-,-,1,-,-,1,-,-,-,7.58
"Michael Dawson

Tottenham, 36, D(C)",25(4),2334,2,-,0.5,0.3,0.1,0.9,-,0.2,-,7.58
"Carlos Tevez

Man City, 36, AM(CL),FW",32(3),2871,23,7,3.6,1.5,1.3,1.8,0.5,2.7,-,7.57
"Christopher Samba

Blackburn, 36, D(C)",30,2597,4,-,1.6,0.5,0.5,0.6,0.1,0.3,-,7.55
"Curtis Davies

Aston Villa, 35, D(C)",2,180,1,-,1,-,0.5,0.5,-,-,-,7.55
"Grant Hanley

Blackburn, 28, D(C)",1,90,-,-,1,-,-,2,-,-,-,7.54
"Ritchie de Laet

Man Utd, 31, D(LR)",2,148,-,-,0.5,0.5,1.5,0.5,-,2.5,-,7.53
"Steven Gerrard

Liverpool, 40, M(C)",32(1),2850,9,7,3.2,2.4,1.1,0.9,-,1,-,7.52
"Alexandre Song

Arsenal, 32, M(C)",25(1),2240,1,1,0.5,0.9,1.2,1.5,-,1.6,-,7.50
"Nani

Man Utd, 33, M(CLR),FW",19(4),1590,4,6,2.7,2.2,1.3,1.5,0.1,2.3,-,7.49
"Marouane Fellaini

Everton, 32, M(C)",20(3),1763,2,2,1.6,1,0.3,1.2,0.3,2.2,-,7.49
"Carlos Cuellar

Aston Villa, 39, D(C)",36,3240,2,1,0.4,0.4,0.3,0.4,-,0.5,-,7.48
"Tom Huddlestone

Tottenham, 33, DMC",33,2851,2,3,2.5,1.6,0.4,1,-,1.1,-,7.48
"Kieran Gibbs

Arsenal, 30, D(L),M(L)",3,270,-,-,0.3,0.3,1,0.7,0.3,0.3,-,7.48
"Luis Antonio Valencia

Man Utd, 35, D(R),M(R)",29(5),2615,5,7,1.1,2.6,1.5,0.9,0.2,2.2,-,7.47
"Branislav Ivanovic

Chelsea, 36, D(CR)",25(3),2256,1,5,0.9,1.1,0.6,1.2,-,0.5,-,7.47
"Richard Dunne

Aston Villa, 40, D(C)",35,3132,3,-,0.6,0.2,0.2,0.4,-,0.2,-,7.46
"Ryan Giggs

Man Utd, 46, M(CL)",20(5),1815,5,9,1.2,2.7,1.1,0.8,0.2,2.4,-,7.44
"Deco

Chelsea, 43, M(C)",14(5),1240,2,2,1,2.2,1.3,1.1,-,2,-,7.43
"Danny Rose

Tottenham, 30, D(L),M(L)",1,46,1,-,1,-,-,1,-,-,-,7.42
"Patrice Evra

Man Utd, 39, D(CL),M(L)",37(1),3288,-,3,0.8,0.9,1.3,1.3,0.2,1.4,-,7.42
"Gareth Barry

Man City, 39, M(C)",34,2996,2,7,0.9,1.5,0.5,1.6,0.1,1.4,-,7.41
"Dimitar Berbatov

Man Utd, 39, AM(C),FW",24(9),2096,12,5,3,1.6,0.9,1.1,0.7,2.2,-,7.41
"Ashley Cole

Chelsea, 39, D(L),M(L)",25(2),2157,4,3,0.6,1.1,0.9,1.5,0.3,1.1,-,7.41
"José Bosingwa

Chelsea, 38, D(CLR)",8,649,-,1,1,1.6,1.3,1.3,0.3,1.1,-,7.40
"Mohamed Diamé

Wigan, 33, M(CLR)",34,2865,1,1,1,0.7,1.9,1.5,-,2.3,-,7.40
"Niko Kranjcar

Tottenham, 36, M(CL)",19(5),1661,6,6,2.2,2.1,0.8,1.4,0.1,2,-,7.39
"Gaël Clichy

Arsenal, 35, D(L)",23(1),2086,-,1,0.3,0.5,1,1,-,0.5,-,7.38
"Steve Simonsen

Stoke, 41, Goalkeeper",2(1),229,-,-,-,0.3,-,-,-,-,-,7.38
"Thomas Vermaelen

Arsenal, 34, D(CL)",33,2799,7,1,1.2,0.2,0.3,1,0.1,0.3,-,7.38
"Sylvain Distin

Everton, 42, D(C)",29,2590,-,1,0.2,0.2,0.3,0.8,-,0.2,-,7.37
"James Milner

Aston Villa, 34, D(LR),M(CLR)",36,3175,7,12,1.8,1.9,0.7,1.6,0.1,2.3,-,7.37
"Alex

Chelsea, 38, D(C)",13(3),1269,1,-,1.8,0.2,0.4,0.1,-,0.1,-,7.37
"Emmanuel Adebayor

Man City, 36, FW",25(1),2212,14,3,2.2,1.4,1.2,1.2,1.8,3.2,-,7.37
"Jonny Evans

Man Utd, 32, D(CL)",18,1587,-,-,0.4,0.2,0.2,0.8,-,0.2,-,7.37
"Steven Pienaar

Everton, 38, M(CL)",30,2663,4,2,1.7,1.7,1.2,3.2,0.1,2.8,-,7.35
"Andy Reid

Sunderland, 38, M(CL)",18(3),1645,2,6,1.6,2.3,1.2,1.4,-,2.3,-,7.35
"Franck Queudrue

Birmingham, 42, DMC",6,496,-,-,0.3,0.2,0.3,1.7,-,0.2,-,7.34
"Younes Kaboul

Portsmouth, 34, D(C)",19,1710,3,-,1.6,0.5,0.6,0.8,0.1,0.4,-,7.34
"Scott Parker

West Ham, 39, M(C)",30(1),2576,2,3,1.4,1.1,1.3,2.1,0.1,1.4,-,7.33
"Aaron Lennon

Tottenham, 33, M(LR)",20(2),1805,3,9,1.1,1.9,1.8,2,0.2,1.1,-,7.33
"Benoit Assou-Ekotto

Tottenham, 36, D(L)",29(1),2535,1,2,0.4,1.1,0.7,1.1,-,0.8,-,7.33
"Darren Fletcher

Man Utd, 36, M(C)",29(1),2577,4,4,1.2,1.5,0.4,1.1,-,2,-,7.33
"Phil Jagielka

Everton, 38, D(CR)",11(1),1035,-,-,0.6,0.3,-,0.9,0.1,0.4,-,7.33
"Stiliyan Petrov

Aston Villa, 41, D(C),M(CR),FW",37,3272,-,1,1,0.8,0.6,2.3,-,1.2,-,7.33
"Gary Cahill

Bolton, 34, D(C)",29,2610,5,1,1.3,0.1,0.3,1.1,-,0.3,-,7.33
"Darren Bent

Sunderland, 36, FW",38,3393,24,1,3,0.8,0.4,0.7,1.5,1.2,-,7.30
"Luka Modric

Tottenham, 34, M(C)",21(4),1916,3,3,2,1.8,2,1.7,-,1.4,-,7.30
"Kolo Touré

Man City, 39, D(C)",31,2711,1,-,0.4,0.2,0.5,0.5,-,0.3,-,7.29
"Carlo Cudicini

Tottenham, 47, GK",6(1),613,-,-,-,0.1,-,0.3,-,-,-,7.28
"Sotirios Kyrgiakos

Liverpool, 41, D(L),DMC",13(1),1193,1,-,0.9,0.1,0.1,1.1,-,0.3,-,7.28
"Kenwyne Jones

Sunderland, 35, FW",24(8),2185,9,3,1.9,0.8,0.5,1.8,0.2,2.3,-,7.27
"Peter Crouch

Tottenham, 39, FW",21(17),2209,8,6,2.6,1.4,0.3,1.1,0.5,1.6,-,7.27
"Lucas Leiva

Liverpool, 33, D(C),M(C)",32(3),2844,-,2,1,1,0.4,1.6,0.1,0.9,-,7.26
"Kevin Davies

Bolton, 43, AM(L),FW",37,3316,7,7,1.9,2.2,0.3,2.4,0.6,2.6,-,7.26
"Vincent Kompany

Man City, 34, D(C)",21(4),1913,2,1,0.4,0.3,0.2,0.7,-,0.3,-,7.26
"Tim Cahill

Everton, 40, M(C),FW",33,2870,8,4,2.2,1.2,0.3,2.2,0.5,2.2,-,7.26
"Javier Mascherano

Liverpool, 36, D(C),M(C)",31(3),2756,-,-,0.8,0.8,0.5,1.9,-,1.3,-,7.26
"Andrey Arshavin

Arsenal, 39, AM(LR)",25(5),2267,10,1,2.9,1.3,1.4,1,0.7,2.3,-,7.26
"Denílson

Arsenal, 32, M(C)",19(1),1573,3,1,1.1,0.6,0.6,2.1,-,2.1,-,7.25
"John Heitinga

Everton, 36, D(C)",29(2),2591,-,3,1,0.7,0.1,0.9,0.1,0.4,-,7.25
"Phil Jones

Blackburn, 28, D(CR),DMC",7(2),662,-,-,0.6,-,-,0.9,-,-,-,7.24
"John Terry

Chelsea, 39, D(C)",37,3261,2,2,0.7,0.3,0.1,0.6,-,0.2,-,7.24
"Adam Johnson

Man City, 33, M(CLR)",14(2),1180,1,5,1.1,2.1,1.8,1.1,0.3,1.1,-,7.23
"Leighton Baines

Everton, 35, D(L),M(L)",37,3330,1,8,0.9,2.1,0.6,1.5,0.1,1.2,-,7.23
"Cameron Jerome

Birmingham, 34, FW",32,2686,11,3,2.4,1.2,0.6,1.2,0.6,2,-,7.23
"Charles N'Zogbia

Wigan, 34, M(CR)",35(1),3039,5,6,2,2.1,2.6,1.8,0.2,2.9,-,7.22
"James Collins

Aston Villa, 37, D(C)",26(1),2367,1,-,1.1,0.3,0.1,0.4,-,0.1,-,7.22
"Heurelho Gomes

Tottenham, 39, GK",31,2717,-,-,-,-,-,0.1,-,-,-,7.21
"Clint Dempsey

Fulham, 37, M(CL),FW",27(2),2397,7,3,3.7,0.9,0.4,1.7,0.1,2,-,7.21
"Roger Johnson

Birmingham, 37, D(C)",38,3420,-,1,0.6,0.3,0.2,1.7,0.1,0.1,-,7.21
"Ledley King

Tottenham, 39, D(L),DMC",19(1),1548,2,-,0.6,0.2,0.4,0.3,-,0.4,-,7.21
"James McFadden

Birmingham, 37, M(C),FW",32(4),2656,5,3,1.5,1.2,1.9,1.4,0.3,2.4,-,7.21
"Ryan Nelsen

Blackburn, 42, D(C)",25(3),2271,4,1,0.6,0.4,0.1,0.6,0.1,0.1,-,7.20
"Craig Bellamy

Man City, 41, AM(R)",26(6),2379,10,8,1.8,1.6,0.7,0.7,0.7,1.2,-,7.20
"Damien Duff

Fulham, 41, M(LR)",30(2),2546,6,3,1.8,1.6,0.5,1.9,0.2,1.2,-,7.20
"Brede Hangeland

Fulham, 39, D(C)",32,2809,1,-,0.3,0.1,0.5,0.8,-,0.2,-,7.20
"Danny Collins

Sunderland, 40, D(C)",3,270,-,-,0.3,0.3,-,0.3,-,-,-,7.19
"Danny Murphy

Fulham, 43, DMC,M(R)",25,2142,5,-,1.1,1.1,0.5,0.6,-,1.3,-,7.19
"David Bentley

Tottenham, 36, D(C)",11(4),985,2,1,2.3,2,1.3,1.7,0.3,1.1,-,7.19
"Marcus Hahnemann

Wolves, 48, GK",25,2250,-,-,-,-,-,0.2,-,-,-,7.18
"Armand Traore

Arsenal, 30, D(L),M(L)",9,805,-,-,0.1,0.3,0.9,0.6,-,1.1,-,7.18
"Emiliano Insúa

Liverpool, 31, D(L),M(L)",30(1),2722,-,4,0.6,1.1,0.9,0.6,-,0.7,-,7.18
"Kamil Zayatte

Hull, 35, D(C)",21(2),1872,2,1,0.6,0.2,0.3,0.7,0.1,0.5,-,7.17
"Samir Nasri

Arsenal, 33, M(CLR)",22(4),1888,2,4,1.4,2,1.6,0.7,0.2,2.5,-,7.16
"Manuel da Costa

West Ham, 34, D(C)",12(3),1094,2,-,0.6,0.1,0.5,0.7,-,0.5,-,7.16
"Ricardo Carvalho

Chelsea, 42, D(C)",22,1853,-,1,0.6,0.5,0.2,0.2,-,0.1,-,7.16
"John Mensah

Sunderland, 37, D(CL),DMC",14(2),1073,1,-,0.4,-,0.3,1.1,-,0.2,-,7.15
"Tomasz Kuszczak

Man Utd, 38, GK",8,720,-,-,-,-,-,0.1,-,-,-,7.15
"Nicky Shorey

Aston Villa, 39, D(L)",3,270,-,1,0.3,1,0.7,-,-,0.7,-,7.15
"Landon Donovan

Everton, 38, M(CLR),FW",7(3),650,2,3,1,1.5,1.1,1.2,0.2,1.7,-,7.15
"Alessandro Diamanti

West Ham, 37, M(CR),FW",18(9),1818,7,3,3.7,1.8,1.2,1.5,0.1,2,-,7.15
"Matt Upson

West Ham, 41, D(C)",33,2905,3,-,0.6,0.4,-,0.4,-,0.1,-,7.15
"William Gallas

Arsenal, 43, D(C)",26,2340,3,-,0.7,0.1,0.2,0.5,0.3,0.5,-,7.15
"Ronald Zubar

Wolves, 34, D(C)",23,2061,1,2,0.7,0.5,0.3,1.1,-,0.6,-,7.14
"Scott Dann

Birmingham, 33, D(C)",30,2700,-,2,0.5,0.2,0.3,0.5,-,0.1,-,7.14
"Sol Campbell

Arsenal, 45, D(L)",10(1),955,-,-,0.5,0.2,0.4,0.7,-,0.5,-,7.14
"Titus Bramble

Wigan, 39, D(C)",35,3111,2,-,0.5,0.4,0.4,0.6,-,0.5,-,7.14
"Michael Ballack

Chelsea, 43, D(C),M(C),FW",26(6),2366,4,5,1.7,1,0.3,1.3,0.1,0.8,-,7.14
"Wilson Palacios

Tottenham, 36, M(C)",29(4),2533,1,1,0.7,0.8,0.6,1.3,-,1.3,-,7.14
"Pablo Zabaleta

Man City, 35, D(R),DMC,M(R)",23(4),2102,-,1,0.4,0.6,0.3,1.2,-,0.6,-,7.13
"Vedran Corluka

Tottenham, 34, D(C)",29,2556,1,2,0.3,0.8,0.3,0.4,-,0.5,-,7.12
"Maxi Rodríguez

Liverpool, 39, M(CL),FW",14(3),1208,1,3,1.6,1.4,0.2,1.5,0.1,1.3,-,7.12
"Lorik Cana

Sunderland, 37, D(C)",29(2),2597,-,1,0.7,0.5,0.1,1.5,-,0.4,-,7.11
"David Dunn

Blackburn, 40, AM(C)",20(3),1720,9,2,1.7,1.6,1.2,1.7,0.5,1.9,-,7.11
"Paul Scholes

Man Utd, 45, M(C)",24(4),1948,3,3,1.5,0.9,0.6,0.6,-,0.8,-,7.11
"Steven Nzonzi

Blackburn, 31, M(C)",33,2868,2,-,1.2,0.5,0.3,0.6,0.1,0.6,-,7.11
"Steed Malbranque

Sunderland, 40, M(C)",30(1),2093,-,5,1,1.6,1.3,1.4,-,2.4,-,7.11
"Robert Huth

Stoke, 36, D(C)",30(2),2743,3,1,1,0.3,0.2,0.8,-,0.4,-,7.10
"Jermain Defoe

Tottenham, 37, AM(R),FW",31(3),2570,18,4,3.3,1.1,0.9,1.2,1.7,1.9,-,7.10
"Daniel Agger

Liverpool, 35, D(C)",23,1979,-,-,1.2,0.2,0.5,1.3,-,0.1,-,7.10
"Michael Turner

Sunderland, 36, D(C)",29,2550,2,-,0.5,0.1,-,1,-,0.1,-,7.09
"Wes Brown

Man Utd, 40, D(C)",18(1),1573,-,-,0.2,0.3,0.2,1.1,-,0.3,-,7.08
"Will Atkinson

Hull, 31, DMC",2,180,1,-,1,0.5,-,1.5,-,2.5,-,7.08
"Jody Craddock

Wolves, 45, D(CL)",33,2970,5,2,0.5,0.2,-,0.5,-,0.1,-,7.08
"Stephen Hunt

Hull, 39, M(L)",27,2322,6,4,0.9,1.3,0.6,2.4,0.1,2.8,-,7.08
"Jamie O'Hara

Portsmouth, 33, M(C)",25(1),2257,2,4,3.1,2.3,0.7,1.2,0.1,1.8,-,7.08
"Ashley Young

Aston Villa, 35, D(LR),M(LR)",37,3304,5,7,1.7,1.8,0.8,2,0.2,1.9,-,7.08
"Zat Knight

Bolton, 40, D(C)",35,3150,1,-,0.6,0.2,0.3,0.7,-,0.1,-,7.08
"Dirk Kuyt

Liverpool, 40, M(CLR),FW",35(2),3017,9,3,2.1,1.6,0.5,0.9,0.4,1.9,-,7.08
"Kevin-Prince Boateng

Portsmouth, 33, M(CLR),FW",20(2),1847,3,2,3.4,1.8,1,2.1,0.4,2.7,-,7.08
"Michael Turner

Hull, 36, D(C)",4,360,-,-,-,0.3,-,1.8,-,0.3,-,7.07
"Ryan Shawcross

Stoke, 32, D(C)",27(1),2449,2,2,0.9,0.3,-,0.8,0.1,0.3,-,7.07
"Sebastien Bassong

Tottenham, 34, D(C)",25(3),2295,1,-,0.5,0.2,0.1,0.7,-,0.1,-,7.07
"Stephen Warnock

Aston Villa, 38, D(CL),M(L)",30,2596,-,3,0.3,0.9,0.1,0.8,-,0.4,-,7.07
"Bacary Sagna

Arsenal, 37, D(CR)",31(4),2761,-,3,0.3,0.8,0.3,1.2,-,1.1,-,7.06
"Danny Gabbidon

West Ham, 41, D(C)",8(2),715,-,1,0.2,0.2,0.1,0.7,-,0.2,-,7.06
"Mark Noble

West Ham, 33, M(C)",25(2),2123,2,4,1.2,2.2,0.7,0.7,0.1,1.3,-,7.06
"Christophe Berra

Wolves, 35, D(C)",32,2836,-,3,0.4,0.4,-,1.1,-,0.4,-,7.06
"James Tomkins

West Ham, 31, D(CR)",22(1),1997,-,-,0.7,0.2,-,0.7,-,0.2,-,7.05
"Stewart Downing

Aston Villa, 36, D(L),M(CLR)",23(2),2074,2,1,1.8,1.8,0.6,0.4,0.1,1.2,-,7.05
"Younes Kaboul

Tottenham, 34, D(C)",8(2),785,-,-,0.7,0.7,1.6,0.5,-,1.5,-,7.05
"Jonathan Woodgate

Tottenham, 40, D(C)",3,194,-,-,0.3,0.7,-,0.3,-,0.3,-,7.05
"Edwin van der Sar

Man Utd, 49, GK",21,1890,-,-,-,0.1,-,0.2,-,-,-,7.04
"John Obi Mikel

Chelsea, 33, M(C)",21(4),1746,-,1,0.5,0.7,0.4,1.4,-,1,-,7.04
"Aruna Dindane

Portsmouth, 39, AM(C)",18(1),1479,8,2,2.5,1,1.3,3.1,0.4,2.2,-,7.04
"Yuri Zhirkov

Chelsea, 37, D(L),M(CL)",10(7),954,-,2,0.2,1.4,0.5,1.3,-,0.5,-,7.04
"Carlton Cole

West Ham, 36, FW",26(4),2286,10,3,3,1.2,1.2,1.3,1.1,3.9,-,7.04
"Marton Fülöp

Man City, 37, GK",3,270,-,-,-,-,-,0.3,-,-,-,7.04
"Leon Osman

Everton, 39, M(CLR)",25(1),1995,2,1,1.8,0.8,0.9,1.2,-,2.3,-,7.03
"Louis Saha

Everton, 42, AM(L),FW",26(7),2333,13,1,2.9,0.8,0.6,1.5,0.8,2.6,-,7.03
"Michael Carrick

Man Utd, 39, D(C),M(C)",22(8),2112,3,2,1.1,1.1,0.2,0.8,-,0.7,-,7.03
"Patrick Vieira

Man City, 44, D(C),DMC",8(5),815,1,1,0.5,1.2,0.2,1.9,-,1.5,-,7.03
"Clarke Carlisle

Burnley, 40, D(CL)",27,2374,-,-,0.5,0.2,0.1,1,0.1,0.2,-,7.03
"Abdoulaye Diagne-Faye

Stoke, 42, D(CL),DMC",30(1),2386,2,-,0.8,0.1,0.1,0.4,-,0.3,-,7.03
"Matthew Kilgallon

Sunderland, 36, D(CL)",6(1),612,-,-,0.3,-,-,-,-,0.6,-,7.03
"Jamie Ashdown

Portsmouth, 39, GK",5(1),451,-,-,-,-,-,0.2,-,-,-,7.03
"Joleon Lescott

Man City, 38, D(CL)",17(1),1565,1,1,0.4,0.2,-,0.8,0.1,0.2,-,7.02
"Bobby Zamora

Fulham, 39, FW",27,2230,8,4,2.3,1.9,0.1,2.3,1.3,3,-,7.02
"Joe Cole

Chelsea, 38, M(LR)",14(12),1284,2,5,1.5,1.1,1.1,0.5,0.1,1.4,-,7.02
"Wayne Bridge

Man City, 40, D(L)",23,1897,-,-,0.7,0.3,0.7,0.7,-,0.5,-,7.01
"Micah Richards

Man City, 32, D(CR)",19(4),1647,3,1,0.8,0.3,0.9,1.1,-,0.7,-,7.01
"Emmanuel Eboué

Arsenal, 37, D(R)",17(8),1496,1,3,0.6,1,1.7,1.6,0.2,1.3,-,7.01
"Joseph Yobo

Everton, 40, D(C)",14(3),1184,1,-,0.3,-,0.2,0.5,0.1,0.2,-,7.01
"Tal Ben Haim

Portsmouth, 38, D(C)",21(1),1913,-,-,0.4,0.3,0.4,0.6,-,0.4,-,7.01
"Nicklas Bendtner

Arsenal, 32, FW",13(10),1228,6,5,2.3,0.8,0.4,0.6,0.3,2,-,7.01
"John Pantsil

Fulham, 39, D(R)",22,1900,-,1,0.4,0.4,0.9,1.2,-,0.6,-,7.00
"Gaël Givet

Blackburn, 38, D(C),DMC",33(1),2800,2,2,0.3,0.2,-,0.7,-,0.1,-,7.00
"Morten Gamst Pedersen

Blackburn, 39, M(C)",27(6),2424,3,7,1.8,1.8,0.1,1.1,0.4,1.5,-,7.00
"Stuart Holden

Bolton, 35, M(CR)",1(1),114,-,-,1.5,1,-,1,0.5,0.5,-,7.00
"Shaun Wright-Phillips

Man City, 38, M(LR)",19(11),1748,4,7,1.3,1.1,1.9,1.4,0.2,1.6,-,7.00
"Lee Bowyer

Birmingham, 43, AM(CR),FW",34(1),3011,5,2,1.3,0.8,0.2,1.8,0.1,1,-,7.00
"Lee Chung-Yong

Bolton, 32, M(CLR)",27(7),2414,4,3,0.8,1.6,1.2,1.2,0.1,1.6,-,7.00
"Valon Behrami

West Ham, 35, M(C)",24(3),2055,1,1,0.7,0.6,0.7,2.7,-,1.2,-,6.99
"Gary Neville

Man Utd, 45, D(R)",15(2),1355,-,1,0.2,0.8,0.1,0.8,0.1,0.2,-,6.99
"John Carew

Aston Villa, 41, AM(L),FW",22(11),2107,10,3,2,0.5,0.5,0.6,0.6,2.2,-,6.99
"Yossi Benayoun

Liverpool, 40, M(R)",19(11),1855,6,4,1.2,1.6,0.8,0.3,0.1,1.5,-,6.99
"Chris Baird

Fulham, 38, D(LR),DMC",29(3),2659,-,1,0.6,0.6,0.1,0.8,-,0.3,-,6.99
"Nigel de Jong

Man City, 35, M(C)",30(4),2631,-,-,0.4,0.4,0.2,1.3,-,0.7,-,6.98
"Pascal Chimbonda

Blackburn, 41, D(CR)",22(2),1974,1,1,0.3,0.3,0.5,1.3,-,0.7,-,6.97
"Luke Young

Aston Villa, 41, D(CR)",14(2),1288,-,-,0.3,0.4,0.3,0.4,0.1,0.5,-,6.97
"Kevin Doyle

Wolves, 36, M(C),FW",33(1),2899,9,1,2.4,0.9,1,2.4,0.5,2.8,-,6.96
"Hendry Thomas

Wigan, 35, M(C)",27(4),2339,-,-,0.6,0.4,-,1,-,0.6,-,6.96
"Matthew Etherington

Stoke, 39, M(L)",33(1),2894,5,8,0.9,2,0.7,1.1,0.2,1.3,-,6.95
"Aaron Hughes

Fulham, 40, D(CR)",34,3060,-,-,0.1,0.2,-,0.6,-,-,-,6.95
"Ben Watson

Wigan, 35, M(C)",4(1),336,1,-,1.2,1.4,0.4,-,0.2,1.4,-,6.95
"Jack Wilshere

Bolton, 28, M(CLR)",13(1),1093,1,1,1.2,1.4,1.3,2.4,-,1.6,-,6.95
"Michael Duff

Burnley, 42, D(C)",10(1),951,-,-,0.4,0.2,-,0.7,-,0.1,-,6.95
"Hugo Rodallega

Wigan, 35, AM(CL),FW",38,3323,10,4,3.7,1.6,0.8,1,0.4,2.1,-,6.95
"Gabriel Agbonlahor

Aston Villa, 33, AM(CLR),FW",35(1),3083,13,3,1.8,0.9,0.6,1.7,1,2.8,-,6.94
"Thomas Sørensen

Stoke, 44, GK",33,2867,-,-,-,0.1,0.1,0.3,-,-,-,6.94
"Paul Scharner

Wigan, 40, D(C)",30(8),2524,4,3,1.6,0.7,0.3,1,0.1,0.9,-,6.94
"Albert Riera

Liverpool, 38, D(L),M(L)",9(3),651,-,3,1.8,1.2,1.1,0.4,0.1,1.3,-,6.94
"Paulo Da Silva

Sunderland, 40, D(C)",12(4),1160,-,-,0.3,0.1,0.2,0.2,-,-,-,6.93
"Mark Schwarzer

Fulham, 47, GK",37,3330,-,-,-,-,-,0.2,-,-,-,6.93
"Jamie Carragher

Liverpool, 42, D(C)",37,3254,-,-,0.1,0.2,0.1,0.6,-,0.1,-,6.93
"Rio Ferdinand

Man Utd, 41, D(C)",12(1),1083,-,-,0.3,0.1,0.2,0.7,-,0.2,-,6.92
"Jack Collison

West Ham, 31, M(C)",19(3),1659,2,3,1.2,0.9,0.7,0.4,0.1,0.9,-,6.92
"Sebastian Larsson

Birmingham, 35, M(CR)",26(7),2382,4,2,1.2,1,0.5,0.7,0.1,1.1,-,6.92
"Kyle Walker

Tottenham, 30, D(CR),M(R)",2,180,-,-,-,1.5,1.5,3,0.5,-,-,6.92
"Tom Cairney

Hull, 29, M(CR)",10(1),900,1,-,0.8,1,1,1.3,-,1.8,-,6.91
"Tamir Cohen

Bolton, 36, M(CR)",26(1),2102,3,3,2.3,0.6,0.1,0.8,-,0.3,-,6.91
"Brad Friedel

Aston Villa, 49, GK",38,3420,-,-,-,0.1,-,0.1,-,-,-,6.91
"Sylvain Distin

Portsmouth, 42, D(C)",3,270,-,-,-,-,0.3,1,-,-,-,6.91
"Martin Olsson

Blackburn, 32, D(L),M(L)",19(2),1721,1,-,1.4,0.6,0.7,1.8,0.4,0.9,-,6.91
"Pepe Reina

Liverpool, 38, GK",38,3420,-,1,-,-,-,0.2,-,-,-,6.90
"Tomas Rosicky

Arsenal, 39, M(CR)",14(11),1299,3,4,1.6,1.1,0.9,1.4,-,1,-,6.90
"Craig Gordon

Sunderland, 37, GK",26,2317,-,-,-,-,-,0.2,-,-,-,6.89
"Joe Hart

Birmingham, 33, GK",36,3240,-,-,-,0.1,-,0.1,-,-,-,6.89
"Alan Hutton

Sunderland, 35, D(LR)",11,951,-,1,0.5,1,1,1.1,0.1,0.9,-,6.89
"Danny Collins

Stoke, 40, D(C)",22(3),2079,-,1,0.1,0.3,0.2,0.3,-,0.2,-,6.89
"Steven Mouyokolo

Hull, 33, D(CL),DMC",19(2),1674,1,-,0.3,0.1,-,0.6,0.1,0.1,-,6.89
"James McCarthy

Wigan, 29, M(C)",19(1),1638,1,1,1.1,1,0.4,1,-,1.6,-,6.89
"Benjani

Man City, 42, FW",1(1),126,-,1,1,1,-,1.5,0.5,1.5,-,6.89
"Zoltán Gera

Fulham, 41, M(CLR)",19(8),1870,2,3,1.6,1.3,0.4,1.3,0.1,2,-,6.88
"Paulo Ferreira

Chelsea, 41, D(R)",11(2),951,-,-,0.2,1.1,0.2,0.8,-,0.5,-,6.88
"Maynor Figueroa

Wigan, 37, D(CL),M(L)",35,3088,1,1,0.6,0.8,0.6,1.2,-,1.1,-,6.88
"Javier Garrido

Man City, 35, D(CL)",7(2),634,1,-,0.4,0.1,0.1,1.2,0.2,0.3,-,6.88
"Martin Skrtel

Liverpool, 35, D(C)",16(3),1410,1,-,0.7,0.1,0.1,0.7,-,-,-,6.88
"Liam Ridgewell

Birmingham, 36, D(CL)",30(1),2745,3,1,0.5,0.6,0.2,1.1,0.2,0.6,-,6.88
"Tyrone Mears

Burnley, 37, D(R),M(R)",38,3420,-,4,0.5,0.5,0.6,1.2,0.1,0.7,-,6.87
"Philippe Senderos

Everton, 35, D(C)",1(1),91,-,-,0.5,-,-,0.5,-,-,-,6.87
"Nadir Belhadj

Portsmouth, 38, D(C),DMC",16(3),1468,3,2,0.9,1.5,0.7,0.4,-,1,-,6.87
"Petr Cech

Chelsea, 38, GK",34,3021,-,1,-,0.2,0.1,0.1,-,-,-,6.87
"Aaron Ramsey

Arsenal, 29, M(CR)",7(11),780,3,3,1.1,0.8,0.6,0.7,-,1.6,-,6.86
"Diniyar Bilyaletdinov

Everton, 35, M(CLR)",16(7),1437,6,1,1.5,1,0.8,0.7,0.1,1.3,-,6.86
"Radoslav Kovac

West Ham, 40, D(C)",27(4),2269,2,2,0.7,0.4,0.2,0.9,-,0.8,-,6.86
"Grétar Steinsson

Bolton, 38, D(R)",25(2),2218,-,2,0.6,0.6,0.3,0.6,-,0.5,-,6.86
"Andy Wilkinson

Stoke, 36, D(LR)",21(4),2034,-,-,0.4,0.2,0.2,0.6,-,0.5,-,6.86
"Darron Gibson

Man Utd, 32, M(C)",6(9),588,2,2,2.2,0.8,0.3,0.1,-,0.3,-,6.86
"Danny Higginbotham

Stoke, 41, D(C),DMC",23(1),2004,1,1,0.6,0.4,0.2,0.7,0.1,0.3,-,6.86
"Craig Gardner

Birmingham, 33, D(R),M(CLR)",10(3),900,1,1,1.5,0.7,0.5,0.9,0.1,1.4,-,6.86
"Steve Gohouri

Wigan, 39, D(CLR),DMC",4(1),368,1,-,0.6,0.4,0.8,0.6,-,-,-,6.86
"Mamady Sidibe

Stoke, 40, AM(L),FW",19(5),1531,2,1,0.8,0.4,0.2,1.1,0.3,1.4,-,6.86
"Park Ji-Sung

Man Utd, 39, M(CLR)",10(7),968,3,1,1.2,1,0.5,1.5,0.2,1.8,-,6.85
"Daniel Fox

Burnley, 34, D(CL)",13(1),1149,1,1,1,0.7,0.3,0.6,-,0.4,-,6.85
"Matthew Taylor

Bolton, 38, M(CLR)",29(8),2582,8,1,2.9,1.4,0.3,0.9,0.1,1.4,-,6.85
"Séamus Coleman

Everton, 31, D(R),M(R)",0(3),106,-,1,0.3,0.7,2,0.3,-,0.3,-,6.85
"Andy O'Brien

Bolton, 41, D(C)",6,514,-,-,0.2,-,-,0.7,-,-,-,6.85
"Vito Mannone

Arsenal, 32, GK",5,450,-,-,-,-,-,0.4,-,-,-,6.84
"Nyron Nosworthy

Sunderland, 39, D(C)",7(3),709,-,-,0.1,0.4,0.8,0.9,-,0.6,-,6.84
"Michael Brown

Portsmouth, 43, M(C)",22(2),1932,2,4,0.9,0.9,0.3,1.6,-,0.9,-,6.84
"Anderson

Man Utd, 32, M(CR)",10(4),865,1,2,0.8,0.9,0.7,1.7,-,0.8,-,6.84
"Matthew Jarvis

Wolves, 34, M(LR)",30(4),2658,3,3,1.2,1.7,0.5,0.9,0.2,0.8,-,6.84
"George Elokobi

Wolves, 34, D(C)",17(5),1643,-,-,0.2,0.5,0.3,0.7,-,0.5,-,6.84
"Salomon Kalou

Chelsea, 35, AM(CLR),FW",11(12),956,5,3,1.6,1.4,0.7,0.4,0.3,1,-,6.83
"Anton Ferdinand

Sunderland, 35, D(C)",19(5),1776,-,1,-,0.3,0.1,0.3,-,0.1,-,6.83
"Stephen Ward

Wolves, 35, D(L)",18(4),1577,-,1,0.2,0.5,0.3,0.7,-,0.4,-,6.83
"Lee Cattermole

Sunderland, 32, M(C)",19(3),1497,-,3,0.5,0.6,0.3,0.6,-,1.4,-,6.83
"Jussi Jääskeläinen

Bolton, 45, GK",38,3420,-,-,-,0.1,0.1,0.1,-,-,-,6.82
"Barry Ferguson

Birmingham, 42, M(C)",37,3330,-,-,0.5,0.5,0.2,1.1,-,0.6,-,6.82
"Asmir Begovic

Stoke, 33, GK",3(1),324,-,-,-,-,-,0.3,-,-,-,6.82
"Stephen Carr

Birmingham, 44, D(R)",35,3112,-,2,0.2,0.5,0.5,0.7,-,0.3,-,6.82
"Roman Pavlyuchenko

Tottenham, 38, FW",8(8),747,5,2,2.6,0.6,0.3,0.6,0.4,1.6,-,6.82
"Craig Eastmond

Arsenal, 29, Midfielder",2(2),171,-,-,0.5,0.5,-,0.8,-,0.8,-,6.82
"Fabrice Muamba

Bolton, 32, M(CR),FW",35(1),2948,1,-,1.1,0.4,0.2,0.5,-,0.9,-,6.82
"Jermaine Jenas

Tottenham, 37, M(C)",9(10),932,1,2,0.8,0.7,0.7,1.1,0.1,1,-,6.82
"Jonathan Spector

West Ham, 34, D(CR),DMC",22(5),2238,-,-,0.2,0.6,0.6,1.1,-,0.6,-,6.82
"Mikaël Silvestre

Arsenal, 43, D(C)",9(3),857,1,-,0.5,0.3,0.2,0.5,-,0.2,-,6.82
"Stephen Ireland

Man City, 34, M(C)",16(6),1453,2,2,0.7,1,0.1,0.6,0.1,0.9,-,6.81
"Alberto Aquilani

Liverpool, 36, M(C)",9(9),815,1,6,1.5,0.7,0.3,1.2,-,1.1,-,6.81
"Asmir Begovic

Portsmouth, 33, GK",8(1),736,-,-,-,-,-,-,-,-,-,6.80
"Maik Taylor

Birmingham, 49, Goalkeeper",2,180,-,-,-,-,-,-,-,-,-,6.80
"Paul Robinson

Bolton, 41, D(CL)",24(1),2193,-,2,-,0.4,-,1.2,-,0.4,-,6.80
"Dean Whitehead

Stoke, 38, D(R),DMC",33(3),2899,-,-,0.4,0.6,0.2,1,-,0.8,-,6.80
"Steven Fletcher

Burnley, 33, FW",35,2873,8,5,2.3,1,0.5,1.7,0.8,2.8,-,6.80
"Martin Petrov

Man City, 41, M(CL),FW",8(8),724,4,3,1.8,1.3,0.2,0.3,0.1,0.6,-,6.79
"Anthony Gardner

Hull, 39, D(C)",24,2160,-,-,0.3,0.2,0.1,0.7,-,0.2,-,6.79
"Frédéric Piquionne

Portsmouth, 41, FW",26(8),2282,5,2,1.8,0.9,0.6,0.6,1.1,1.4,-,6.79
"Rory Delap

Stoke, 44, D(C),M(CR),FW",34(2),2887,-,-,0.6,1.2,0.4,0.4,0.1,0.6,-,6.79
"Nicky Shorey

Fulham, 39, D(L)",9,810,-,-,0.3,0.7,0.6,0.3,-,-,-,6.79
"Guillermo Franco

West Ham, 43, AM(L),FW",16(7),1373,5,3,1.3,1,0.3,1.3,0.5,1.3,-,6.78
"Kieran Richardson

Sunderland, 35, D(L),M(CL)",28(1),2418,1,1,1,0.8,0.5,1,0.1,1.9,-,6.78
"André Bikey

Burnley, 35, D(C)",26(2),2190,1,-,1.1,0.3,0.8,1,-,1.3,-,6.77
"Ibrahima Sonko

Hull, 39, D(C)",9,810,-,-,0.2,0.3,0.3,0.7,-,0.2,-,6.77
"Gary Caldwell

Wigan, 38, D(C)",16,1347,2,-,0.3,0.3,0.3,1.4,-,0.4,-,6.77
"Tony Hibbert

Everton, 39, D(R)",17(3),1480,-,-,0.2,0.9,0.3,0.5,0.1,0.4,-,6.77
"Luis Jiménez

West Ham, 36, AM(CL),FW",6(5),657,1,2,1.3,1.7,0.9,0.8,0.4,0.9,-,6.76
"Robbie Keane

Tottenham, 40, FW",15(5),1160,6,2,1.2,1.1,0.3,0.8,0.7,1.1,-,6.76
"Julien Faubert

West Ham, 37, D(R),M(R)",32(1),2820,1,3,0.2,0.8,0.7,0.6,-,0.7,-,6.76
"Teemu Tainio

Birmingham, 40, DMC",5(1),361,-,-,0.7,0.7,0.2,1,-,0.8,-,6.76
"Leon Cort

Burnley, 40, DMC",15,1291,-,1,0.3,0.2,-,0.6,-,0.2,-,6.76
"Salif Diao

Stoke, 43, M(CR)",11(5),946,1,1,0.5,0.4,-,0.4,-,0.3,-,6.76
"Daniel Ayala

Liverpool, 29, D(C)",2(3),235,-,-,-,-,0.2,0.4,-,-,-,6.75
"Steve Finnan

Portsmouth, 44, D(R)",20(1),1810,-,-,-,0.6,-,0.5,-,0.7,-,6.75
"Ivan Klasnic

Bolton, 40, AM(L),FW",12(15),1211,8,1,2.3,0.7,0.4,0.5,0.5,1,-,6.75
"Theo Walcott

Arsenal, 31, M(CLR),FW",12(11),1132,3,2,1.5,1,0.8,0.6,0.2,1.9,-,6.75
"Jimmy Bullard

Hull, 41, M(C)",13(1),1055,5,-,3,0.9,0.4,1.6,0.1,1.7,-,6.74
"Anthony Vanden Borre

Portsmouth, 32, D(R)",15(4),1325,-,2,0.6,0.7,1,0.9,0.1,1.4,-,6.74
"Liam Lawrence

Stoke, 38, DMC",14(11),1379,1,2,0.7,1,0.3,0.8,-,0.8,-,6.74
"Christian Benitez

Birmingham, 34, AM(L),FW",21(9),1935,3,5,1.8,1,1.4,1.3,1.3,2.3,-,6.74
"Phil Neville

Everton, 43, M(C)",22(1),1955,-,1,0.3,0.4,0.1,0.4,-,0.3,-,6.74
"Stephen Jordan

Burnley, 38, D(CL)",23(2),2024,-,1,0.1,0.4,0.4,0.6,-,0.3,-,6.74
"Wade Elliott

Burnley, 41, M(C)",34(4),3121,4,4,1,1.2,1.1,1.1,0.1,1.7,-,6.74
"Jack Cork

Burnley, 31, DMC",8(3),773,1,3,0.9,1.3,0.1,1.4,-,1.9,-,6.73
"Simon Davies

Fulham, 40, D(C),M(C),FW",12(5),1001,-,2,0.5,1.2,0.3,0.5,0.1,0.5,-,6.73
"Dave Kitson

Stoke, 40, AM(L)",10(8),935,3,1,1.1,0.6,0.3,0.9,0.3,0.9,-,6.73
"Nedum Onuoha

Man City, 33, D(CR)",5(5),571,1,1,0.4,0.3,0.2,0.6,-,-,-,6.73
"Tim Howard

Everton, 41, GK",38,3420,-,-,-,-,-,0.1,-,-,-,6.73
"Glenn Whelan

Stoke, 36, DMC",25(8),2353,2,2,1.2,0.8,0.2,0.6,-,0.9,-,6.73
"Jordan Henderson

Sunderland, 30, M(CLR)",23(10),2189,1,5,1,0.8,0.5,0.4,0.1,1.2,-,6.73
"Dickson Etuhu

Fulham, 38, AM(CR),FW",14(6),1331,-,-,0.5,0.1,0.3,0.4,-,0.5,-,6.73
"Ben Foster

Man Utd, 37, GK",9,810,-,-,-,-,0.1,0.1,-,0.2,-,6.72
"Stephen Kelly

Fulham, 37, D(LR)",7(1),595,-,-,-,0.6,-,0.8,-,0.4,-,6.72
"Ilan Araujo

West Ham, 39, AM(C)",6(5),576,4,-,1.3,0.5,0.6,0.9,0.3,1.2,-,6.72
"Johan Elmander

Bolton, 39, M(C),FW",15(10),1353,3,1,1.7,0.9,0.3,0.8,0.2,1.5,-,6.72
"Mario Melchiot

Wigan, 43, D(R)",32,2853,-,1,0.1,0.9,0.5,1.1,-,0.8,-,6.72
"El Hadji Diouf

Blackburn, 39, D(C),M(CLR),FW",24(2),1946,3,2,0.8,0.9,0.5,1.5,0.3,1.9,-,6.72
"Marc Wilson

Portsmouth, 33, D(CL),DMC",28,2411,-,1,0.4,0.3,0.1,0.6,-,0.4,-,6.72
"Emmerson Boyce

Wigan, 40, D(CR),M(R)",23(1),2037,3,1,0.5,0.3,0.3,0.6,-,0.4,-,6.71
"Stuart Parnaby

Birmingham, 38, D(CR)",6(2),546,-,-,0.4,0.9,-,0.4,-,-,-,6.71
"Eduardo da Silva

Arsenal, 37, M(C),FW",13(11),1121,2,4,1.8,1.2,0.6,0.4,0.4,1,-,6.71
"Grégory Vignal

Birmingham, 39, D(C)",6(2),501,-,-,0.1,0.5,0.5,1.8,-,0.6,-,6.71
"Emile Heskey

Aston Villa, 42, FW",16(15),1299,3,2,0.9,0.6,0.1,1,0.1,0.6,-,6.71
"Diomansy Kamara

Fulham, 39, M(L)",5(4),454,1,-,1,0.9,0.8,1.3,0.2,1.7,-,6.70
"Mark Cullen

Hull, 28, FW",2(1),194,1,-,1.3,0.3,-,1,1.3,1,-,6.70
"Chris Eagles

Burnley, 34, M(LR)",20(14),1970,2,3,1.8,0.9,1.2,1.1,0.1,1.4,-,6.69
"Graham Alexander

Burnley, 48, M(CR)",33,2747,7,1,0.9,1.1,-,0.9,-,0.9,-,6.69
"Jason Koumas

Wigan, 40, M(L)",6(2),424,1,-,0.9,1.4,0.8,0.9,0.3,1.3,-,6.69
"Sam Ricketts

Bolton, 38, D(CR),DMC",25(2),2168,-,1,0.2,0.6,0.6,0.7,-,0.4,-,6.69
"David N'Gog

Liverpool, 31, FW",10(14),1013,5,-,1.7,0.6,0.5,0.9,0.4,1.3,-,6.69
"Míchel Salgado

Blackburn, 44, D(R)",16(5),1436,-,1,0.2,0.6,-,0.6,-,0.4,-,6.69
"Keith Andrews

Blackburn, 39, M(C)",22(10),2115,1,-,1.1,0.6,0.3,0.5,-,0.7,-,6.68
"Jonathan Greening

Fulham, 41, AM(C)",15(8),1502,1,1,0.3,0.5,0.2,0.6,-,0.7,-,6.68
"Lucas Neill

Everton, 42, D(LR)",10(2),918,-,2,-,0.5,0.4,0.4,-,0.2,-,6.68
"Shay Given

Man City, 44, GK",35,3136,-,-,-,-,-,-,-,-,-,6.68
"David Stockdale

Fulham, 34, GK",1,90,-,-,-,-,-,-,-,-,-,6.68
"Hérita Ilunga

West Ham, 38, D(C)",16,1211,-,1,0.3,0.5,0.4,1.2,0.1,0.6,-,6.68
"Juliano Belletti

Chelsea, 44, Defender",4(7),484,-,1,0.7,1.4,0.4,0.5,0.1,0.7,-,6.68
"David Meyler

Sunderland, 31, D(R),DMC,M(LR)",9(1),730,-,-,0.4,0.5,0.3,1.5,0.1,0.7,-,6.68
"Lennard Sowah

Portsmouth, 28, Defender",3(2),340,-,-,-,0.4,0.4,0.6,-,0.6,-,6.68
"Paul Konchesky

Fulham, 39, D(L)",27,2367,1,1,0.4,0.7,0.2,0.4,-,0.8,-,6.68
"Martin Paterson

Burnley, 33, FW",17(6),1434,4,2,1.4,0.5,0.5,1.2,0.3,1.1,-,6.68
"Robinho

Man City, 36, AM(CLR),FW",6(4),542,-,3,2.3,0.6,0.4,1.3,0.7,1.3,-,6.68
"Andy Keogh

Wolves, 34, FW",8(5),743,1,1,1.8,1.2,0.9,0.3,0.9,1,-,6.67
"Jack Rodwell

Everton, 29, D(C),M(C)",17(9),1622,2,1,1.7,0.6,0.3,0.3,-,0.9,-,6.67
"Papa Bouba Diop

Portsmouth, 42, M(C)",9(3),717,-,-,0.5,0.3,0.7,1.5,0.1,0.6,-,6.67
"Ricardo Fuller

Stoke, 40, FW",22(13),2240,3,3,1.8,0.7,1,1.5,0.9,1.9,-,6.67
"Nenad Milijas

Wolves, 37, AM(CR),FW",12(7),979,2,3,1.6,1.2,0.2,0.5,0.1,0.6,-,6.67
"Victor Anichebe

Everton, 32, M(L),FW",6(5),484,1,2,1.3,0.5,0.6,1,0.5,1.1,-,6.67
"Keith Fahey

Birmingham, 37, AM(CL),FW",18(16),1696,-,2,0.6,0.5,0.5,0.8,-,0.6,-,6.66
"Míchel

Birmingham, 34, M(C)",3(6),305,-,1,0.2,0.3,0.4,0.7,-,0.9,-,6.66
"Dean Marney

Hull, 36, M(C)",15(1),1224,1,3,1.2,0.7,0.1,0.4,-,0.4,-,6.65
"Yakubu

Everton, 37, FW",9(16),1083,5,4,1.5,1,0.4,0.7,0.1,1.3,-,6.65
"Manuel Almunia

Arsenal, 43, GK",29,2610,-,1,-,-,-,0.2,-,-,-,6.65
"Joel Ward

Portsmouth, 30, D(LR),DMC,M(R)",1(2),145,-,-,0.7,-,-,1,-,0.3,-,6.65
"Paul Robinson

Blackburn, 40, GK",35,3086,-,1,-,0.3,-,0.1,-,-,-,6.65
"Andy Dawson

Hull, 41, D(CL)",35,3068,1,-,0.3,0.5,0.1,0.6,-,0.5,-,6.64
"Kevin Foley

Wolves, 35, D(R)",23(2),1983,-,-,0.7,1,0.3,0.5,0.2,0.8,-,6.64
"Hassan Yebda

Portsmouth, 36, M(C)",15(3),1279,2,-,1.1,0.5,0.3,0.8,0.1,1.7,-,6.63
"John O'Shea

Man Utd, 39, D(C)",12(3),1117,1,1,0.1,0.3,0.1,0.2,-,0.3,-,6.63
"George McCartney

Sunderland, 39, D(L)",20(5),1757,-,-,0.1,0.3,0.3,1,0.2,0.5,-,6.63
"Geovanni

Hull, 40, AM(C)",16(10),1539,3,-,1.8,0.7,0.8,1.9,0.2,1.5,-,6.63
"Brian Jensen

Burnley, 45, GK",38,3345,-,-,-,0.1,-,0.1,-,-,-,6.62
"Fraizer Campbell

Sunderland, 32, FW",19(12),1912,4,4,1,0.5,0.7,1.1,0.4,2.1,-,6.62
"Caleb Folan

Hull, 37, FW",7(1),568,2,-,0.9,0.5,0.1,0.4,1.3,1,-,6.62
"David Nugent

Burnley, 35, M(C),FW",20(10),1879,6,2,1.4,0.8,0.4,0.9,0.5,1.6,-,6.62
"Boaz Myhill

Hull, 37, GK",27,2430,-,-,-,-,-,0.1,-,-,-,6.62
"George Boateng

Hull, 45, DMC,M(R)",26(3),2234,1,1,0.9,0.4,0.4,1.3,-,1,-,6.61
"Ryan Babel

Liverpool, 33, M(LR),FW",9(16),954,4,1,1.2,0.7,1,0.3,0.2,1.3,-,6.61
"Jordi Gómez

Wigan, 35, M(CLR)",11(12),1261,1,-,2,1,0.7,2,0.1,1.5,-,6.61
"Benni McCarthy

Blackburn, 42, FW",7(7),711,1,3,2.4,1,0.6,0.9,0.6,2.2,-,6.61
"Amine Linganzi

Blackburn, 30, Midfielder",1,46,-,-,-,-,-,-,-,2,-,6.61
"Ricardo Gardner

Bolton, 41, AM(C)",11(10),1107,1,1,0.7,0.7,0.4,0.8,0.2,1.2,-,6.61
"David James

Portsmouth, 50, GK",25,2234,-,-,-,0.1,-,-,-,-,-,6.61
"Nigel Reo-Coker

Aston Villa, 36, D(R),M(C)",6(4),526,-,-,0.4,0.3,0.5,0.6,0.1,1,-,6.61
"Richard Stearman

Wolves, 33, D(C)",12(4),1126,1,-,0.5,0.2,0.2,1.5,0.1,0.6,-,6.61
"Richard Hughes

Portsmouth, 41, M(C)",9(1),782,-,-,0.5,-,0.2,1.2,-,0.6,-,6.60
"Tommy Smith

Portsmouth, 40, M(C),FW",12(4),1029,1,1,1.7,1.1,0.5,0.6,0.1,1.3,-,6.60
"Gavin McCann

Bolton, 42, Midfielder",5(6),532,-,-,0.4,0.5,0.4,0.4,-,0.7,-,6.60
"Michael Mancienne

Wolves, 32, D(CLR),M(C)",22(8),1991,-,-,0.3,0.1,0.3,0.3,-,0.4,-,6.60
"Niko Kranjcar

Portsmouth, 36, M(CL)",4,360,-,-,2.5,1.8,0.3,1.8,-,2,-,6.60
"Robert Green

West Ham, 40, GK",38,3403,-,-,-,-,-,0.3,-,-,-,6.60
"David Jones

Wolves, 35, M(C)",16(4),1421,1,2,1.3,1.1,0.1,0.6,0.1,1.3,-,6.59
"Vince Grella

Blackburn, 40, AM(R)",10(5),955,-,-,0.5,0.5,0.3,0.8,-,0.5,-,6.59
"Bernard Mendy

Hull, 39, D(LR)",15(6),1391,-,-,0.5,0.3,0.9,1,-,0.9,-,6.59
"Hermann Hreidarsson

Portsmouth, 46, D(C),DMC",17,1415,1,-,0.4,0.1,0.4,0.4,-,0.3,-,6.59
"Mido

West Ham, 37, FW",5(4),495,-,-,2.4,0.3,0.2,0.1,0.4,1.4,-,6.59
"Michael Brown

Wigan, 43, M(C)",2,152,-,-,-,1,0.5,-,-,2,-,6.59
"Dan Gosling

Everton, 30, M(C)",3(8),342,2,-,0.8,0.4,0.3,0.7,0.1,0.9,-,6.58
"Jlloyd Samuel

Bolton, 39, D(C)",12(1),1029,-,-,0.1,0.5,0.4,0.8,0.1,0.5,-,6.58
"Mike Pollitt

Wigan, 48, Goalkeeper",2(2),291,-,-,-,-,-,-,-,-,-,6.57
"Steven Caldwell

Burnley, 39, D(C)",12(1),1063,1,-,0.5,0.1,0.1,1,-,0.2,-,6.57
"Fábio Aurélio

Liverpool, 40, D(C),FW",8(6),655,-,1,0.8,0.8,0.3,0.3,0.1,0.6,-,6.57
"Karl Henry

Wolves, 37, M(C)",34,3036,-,-,0.6,0.7,0.2,1.3,-,1,-,6.57
"Paul McShane

Hull, 34, D(C)",26(1),2296,-,-,0.2,0.3,0.3,0.9,-,0.7,-,6.57
"Lee Carsley

Birmingham, 46, M(C)",3(4),353,-,-,0.6,-,-,0.3,-,0.9,-,6.56
"Zavon Hines

West Ham, 31, AM(L)",5(8),601,1,-,1.2,0.5,0.5,2.3,0.6,1.2,-,6.56
"Martin Kelly

Liverpool, 30, D(CLR)",0(1),19,-,-,1,-,-,-,-,-,-,6.56
"Aaron Mokoena

Portsmouth, 39, D(CL),FW",21(2),1733,-,-,0.4,0.4,0.1,0.8,-,0.6,-,6.56
"Vladimir Weiss

Bolton, 30, M(CLR)",3(10),386,-,3,0.3,0.5,1,1.2,-,0.8,-,6.56
"Seyi Olofinjana

Hull, 40, M(C)",11(8),1129,1,-,0.7,0.3,0.9,0.6,-,1.4,-,6.55
"Wayne Hennessey

Wolves, 33, GK",13,1170,-,1,-,0.1,-,0.2,-,-,-,6.55
"Adlène Guédioura

Wolves, 34, M(C)",7(7),591,1,-,1.4,0.1,0.4,1.4,-,1.5,-,6.55
"Phil Bardsley

Sunderland, 35, D(LR)",18(8),1698,-,-,0.5,0.1,0.3,0.7,-,0.7,-,6.54
"Sam Hutchinson

Chelsea, 31, D(C),DMC",0(2),21,-,1,0.5,0.5,-,-,-,0.5,-,6.54
"Erik Nevland

Fulham, 42, AM(L),FW",12(10),1170,3,4,1.3,0.7,0.1,0.4,0.6,1,-,6.54
"Habib Beye

Aston Villa, 42, D(R)",5(1),442,-,-,-,0.5,0.2,0.2,0.2,0.7,-,6.54
"Angelos Basinas

Portsmouth, 44, D(C)",7(5),771,-,-,0.5,1.1,-,0.3,-,0.8,-,6.54
"Patrick van Aanholt

Chelsea, 30, D(L),M(L)",0(2),32,-,-,-,0.5,-,-,-,-,-,6.54
"Robbie Blake

Burnley, 44, AM(CL)",20(11),1652,2,3,1,1.6,0.6,1,0.1,1.3,-,6.53
"Kevin Kilbane

Hull, 43, M(C)",15(6),1351,1,1,0.5,0.3,0.4,0.8,0.1,0.7,-,6.53
"Sylvinho

Man City, 46, D(C)",6(3),484,-,-,0.6,0.3,0.7,0.3,-,0.7,-,6.53
"John Utaka

Portsmouth, 38, M(L),FW",10(8),1048,1,2,1.8,1.1,0.9,1.1,0.6,1.4,-,6.53
"Liam Cooper

Hull, 29, D(C)",1(1),124,-,-,-,-,0.5,0.5,-,-,-,6.52
"Steve Sidwell

Aston Villa, 37, M(C)",12(13),1216,-,1,1.2,0.2,0.2,0.3,-,0.7,-,6.52
"Junior Stanislas

West Ham, 30, M(CLR)",11(15),1241,3,2,1.5,0.8,0.3,0.3,0.2,1,-,6.51
"Chris Kirkland

Wigan, 39, GK",32,2770,-,-,-,-,-,0.2,-,-,-,6.51
"Nabil El Zhar

Liverpool, 34, M(CLR)",1(2),89,-,-,1,0.3,0.3,1,-,1.7,-,6.51
"Johan Djourou

Arsenal, 33, D(C)",0(1),28,-,-,-,-,-,3,-,-,-,6.51
"Victor Moses

Wigan, 29, M(CLR)",2(12),432,1,3,1,0.8,1,0.9,0.1,1.4,-,6.51
"Sean Davis

Bolton, 40, Midfielder",3,234,-,-,1.7,1.3,-,1.3,-,1.7,-,6.51
"Roque Santa Cruz

Man City, 39, FW",6(13),636,3,-,1,0.4,-,0.4,0.4,0.8,-,6.51
"Fabio

Man Utd, 30, D(LR),M(R)",1(4),148,-,-,0.2,0.2,0.4,0.2,-,0.2,-,6.50
"Chris McCann

Burnley, 33, D(CL),M(CL)",7,491,-,-,0.7,0.9,0.4,0.7,-,1.7,-,6.50
"Matt Duke

Hull, 43, GK",11,990,-,-,-,-,-,0.1,-,-,-,6.49
"Kevin McDonald

Burnley, 31, M(C)",15(11),1458,1,1,0.6,0.5,0.4,0.5,0.1,1.1,-,6.49
"James Beattie

Stoke, 42, FW",11(11),801,3,1,1,0.3,-,0.8,0.3,0.7,-,6.48
"Jason Roberts

Blackburn, 42, FW",15(14),1548,5,3,1.1,0.6,0.3,1.8,0.7,1.5,-,6.48
"Jan Vennegoor of Hesselink

Hull, 41, AM(L),FW",17(14),1493,3,2,1,0.5,0.1,0.7,0.5,1,-,6.48
"David Edgar

Burnley, 33, D(C),DMC",2(2),239,-,-,-,-,0.3,0.3,-,-,-,6.48
"Garry O'Connor

Birmingham, 37, FW",5(5),554,1,-,1.7,0.9,0.1,0.5,0.9,1.5,-,6.48
"Chris Smalling

Fulham, 30, D(CR)",9(3),870,-,-,0.4,0.1,0.2,0.5,0.2,0.3,-,6.47
"Nemanja Matic

Chelsea, 32, DMC",0(2),40,-,-,0.5,-,-,-,-,-,-,6.47
"David Edwards

Wolves, 34, M(CL)",16(4),1359,1,-,0.8,0.5,0.3,0.8,0.1,0.9,-,6.46
"Fran Mérida

Arsenal, 30, AM(C)",0(4),61,1,-,0.3,0.3,-,0.8,0.3,0.3,-,6.46
"Marton Fülöp

Sunderland, 37, GK",12(1),1103,-,-,-,0.1,-,0.2,-,-,-,6.46
"David Junior Hoilett

Blackburn, 30, M(CLR),FW",8(15),942,-,-,1.1,0.5,0.4,0.6,0.1,0.9,-,6.46
"Greg Halford

Wolves, 35, D(CR),M(CR),FW",12(3),897,-,-,1.1,0.4,0.3,0.4,0.1,0.6,-,6.46
"Stefano Okaka

Fulham, 31, FW",3(8),442,2,-,1.4,0.4,0.5,0.7,0.4,2.9,-,6.45
"Philipp Degen

Liverpool, 37, D(R)",3(4),328,-,-,0.3,0.9,0.4,1.9,0.3,0.6,-,6.45
"Franco Di Santo

Blackburn, 31, AM(CLR),FW",15(7),1160,1,1,1,0.5,0.3,0.8,0.9,1.2,-,6.45
"Craig Fagan

Hull, 37, M(LR),FW",20(5),1828,2,2,0.9,0.4,0.4,1.2,0.2,2.8,-,6.45
"Grant Leadbitter

Sunderland, 34, DMC",0(1),28,-,-,-,-,-,1,-,-,-,6.45
"Ricardo Rocha

Portsmouth, 41, D(C)",10,725,-,-,0.1,-,-,0.8,0.1,0.3,-,6.45
"Stephen Warnock

Blackburn, 38, D(CL),M(L)",1,90,-,-,-,-,1,1,-,-,-,6.45
"Boudewijn Zenden

Sunderland, 44, FW",1(19),501,2,-,1,0.3,0.1,0.4,-,0.8,-,6.45
"Fabian Delph

Aston Villa, 30, D(L),M(CL)",4(4),292,-,-,0.4,0.1,0.5,0.6,-,0.9,-,6.44
"David Elm

Fulham, 37, FW",3(7),326,1,1,0.6,0.3,0.2,0.8,0.6,0.7,-,6.44
"Tuncay Sanli

Stoke, 38, M(L),FW",13(17),1285,4,2,1,0.4,0.4,0.9,0.5,1.3,-,6.44
"Alan Hutton

Tottenham, 35, D(LR)",1(7),233,-,-,0.3,0.3,0.4,0.8,-,0.3,-,6.44
"Richard Garcia

Hull, 39, D(C),M(R)",14(4),1104,-,1,0.9,0.5,0.3,1.1,0.2,1.5,-,6.44
"Federico Macheda

Man Utd, 29, FW",1(4),127,1,1,0.6,0.4,0.4,0.2,-,1.8,-,6.43
"Jeffrey Bruma

Chelsea, 28, D(C)",0(2),57,-,-,-,-,-,-,-,-,-,6.43
"Brett Emerton

Blackburn, 41, D(C),DMC,M(R)",17(7),1420,-,1,0.8,0.4,0.5,0.4,0.2,1.1,-,6.42
"Ben Alnwick

Tottenham, 33, GK",1,90,-,-,-,1,-,-,-,-,-,6.42
"Gunnar Nielsen

Man City, 33, GK",0(1),14,-,-,-,-,-,-,-,-,-,6.42
"Christian Kalvenes

Burnley, 43, D(L)",3(2),276,-,-,0.6,0.4,0.2,0.4,-,0.2,-,6.42
"Michael Owen

Man Utd, 40, FW",5(14),607,3,-,1.1,0.5,0.2,0.3,0.3,0.5,-,6.42
"Jozy Altidore

Hull, 30, FW",16(12),1467,1,3,1.1,0.8,0.6,2,0.5,1.9,-,6.42
"Marc Albrighton

Aston Villa, 30, M(LR)",0(3),57,-,-,-,0.3,0.7,-,-,0.3,-,6.42
"Lukasz Fabianski

Arsenal, 35, GK",4,360,-,-,-,-,-,0.3,-,-,-,6.41
"Fabio Daprelà

West Ham, 29, D(CL),M(L)",4(3),372,-,-,-,0.3,0.6,1.1,-,0.9,-,6.41
"Mark Davies

Bolton, 32, M(CLR)",5(12),549,-,-,0.5,0.1,0.6,0.9,0.1,0.4,-,6.41
"Bjørn Helge Riise

Fulham, 37, D(R),DMC",5(7),407,-,-,0.3,0.6,0.4,1.1,0.1,0.8,-,6.40
"Mame Biram Diouf

Man Utd, 32, M(LR),FW",0(5),90,1,-,1.6,-,0.4,-,0.4,0.2,-,6.40
"Kagisho Dikgacoi

Fulham, 35, M(C)",7(5),587,-,-,0.5,0.3,0.3,0.4,-,0.6,-,6.40
"Ross Turnbull

Chelsea, 35, GK",2,180,-,-,-,-,-,-,-,-,-,6.40
"Chris Basham

Bolton, 32, D(CR),M(CR)",2(6),237,-,1,0.5,0.3,0.1,0.3,-,0.1,-,6.39
"Seol Ki-Hyeon

Fulham, 41, Midfielder",0(1),1,-,-,-,-,-,-,-,1,-,6.38
"Yildiray Bastürk

Blackburn, 41, Midfielder",1,46,-,-,-,-,-,1,-,1,-,6.38
"Sylvan Ebanks-Blake

Wolves, 34, AM(L),FW",12(11),1167,2,-,1.5,0.3,0.1,0.3,0.4,1.2,-,6.38
"Daniel Sturridge

Chelsea, 31, M(R),FW",2(11),289,1,-,1.2,0.2,0.3,0.5,-,0.5,-,6.37
"Kieron Dyer

West Ham, 41, D(C)",4(6),359,-,1,0.9,0.4,0.4,1,0.5,0.6,-,6.37
"Henrique Hilário

Chelsea, 44, Goalkeeper",2(1),218,-,-,-,-,-,0.3,-,-,-,6.35
"Marcelo Moreno Martins

Wigan, 33, FW",9(3),728,-,1,1.8,1,0.2,0.8,0.3,2.3,-,6.35
"Kevin Phillips

Birmingham, 47, FW",2(17),417,4,-,1,0.2,0.3,0.4,0.3,0.7,-,6.35
"Kanu

Portsmouth, 44, FW",6(17),818,2,2,0.6,0.7,0.3,0.9,0.3,0.9,-,6.34
"Jason Scotland

Wigan, 41, AM(L)",14(18),1550,1,2,1.3,0.9,0.3,0.4,0.3,1.5,-,6.34
"Dedryck Boyata

Man City, 29, D(C)",1(2),124,-,-,-,-,0.3,0.3,-,0.7,-,6.33
"Hayden Mullins

Portsmouth, 41, D(C)",15(3),1316,-,-,0.4,0.5,-,0.5,-,0.6,-,6.33
"Henri Lansbury

Arsenal, 29, M(C)",0(1),13,-,-,1,1,-,-,1,-,-,6.33
"Lars Jacobsen

Blackburn, 40, D(LR)",11(2),1033,-,-,0.1,0.5,0.2,0.4,-,0.5,-,6.33
"Andrey Voronin

Liverpool, 41, AM(C),FW",1(7),200,-,1,0.8,1,-,0.4,-,1,-,6.33
"Jô

Everton, 33, FW",6(9),520,-,1,1.4,0.6,0.2,0.6,0.9,1.1,-,6.32
"Nick Barmby

Hull, 46, Midfielder",6(14),752,-,-,0.8,0.4,0.1,0.3,0.1,0.1,-,6.31
"Andrew Johnson

Fulham, 39, FW",7(1),598,-,1,2,0.6,-,1.4,1.4,1.6,-,6.31
"Eidur Gudjohnsen

Tottenham, 41, AM(C),FW",3(8),383,1,-,0.7,0.4,0.4,0.4,0.2,0.6,-,6.30
"Kamel Ghilas

Hull, 36, FW",6(7),582,1,1,0.9,0.5,0.3,0.8,1.1,0.9,-,6.30
"Carlos Vela

Arsenal, 31, M(CLR),FW",1(10),227,1,-,0.5,0.5,0.4,0.6,0.2,0.9,-,6.30
"Gabriel Obertan

Man Utd, 31, M(CLR),FW",1(6),164,-,-,0.7,0.3,0.4,0.6,-,0.6,-,6.30
"Matt Hill

Wolves, 39, Defender",2,180,-,-,-,-,-,1,-,-,-,6.29
"Matt Ritchie

Portsmouth, 30, D(L),M(CLR)",1(1),81,-,-,1.5,-,-,1.5,-,1,-,6.29
"Nikola Kalinic

Blackburn, 32, FW",14(12),1451,2,1,1.4,0.3,0.2,1.3,0.8,1.2,-,6.28
"Geoffrey Mujangi Bia

Wolves, 31, AM(L)",1(2),60,-,-,1.3,0.3,-,1.3,-,0.7,-,6.27
"Michael Kightly

Wolves, 34, M(LR)",3(6),424,-,-,0.3,0.7,0.3,0.7,-,1.2,-,6.27
"Frank Nouble

West Ham, 28, AM(CLR),FW",3(5),256,-,-,0.8,0.5,0.6,0.1,0.3,1,-,6.27
"Segundo Castillo

Wolves, 38, M(C)",7(1),504,-,-,0.6,0.3,0.1,0.6,-,0.8,-,6.27
"Steven Thompson

Burnley, 41, Forward",1(19),380,4,-,0.7,0.2,0.1,0.3,0.1,0.5,-,6.26
"Daryl Murphy

Sunderland, 37, AM(LR),FW",2(1),168,-,-,-,-,1.3,0.3,-,2.7,-,6.24
"Gaël Kakuta

Chelsea, 29, M(CLR)",0(1),31,-,-,3,1,-,2,-,-,-,6.23
"Jason Brown

Blackburn, 38, Goalkeeper",3(1),334,-,-,-,-,-,-,-,0.3,-,6.23
"Benni McCarthy

West Ham, 42, FW",2(3),157,-,-,0.8,1.2,0.2,0.4,0.2,0.2,-,6.22
"Gary McSheffrey

Birmingham, 38, Forward",1(4),99,-,-,0.6,0.8,0.2,0.6,-,0.6,-,6.22
"Quincy Owusu-Abeyie

Portsmouth, 34, AM(L)",3(7),357,-,-,0.9,0.3,0.8,0.6,0.3,1,-,6.21
"Danny Webber

Portsmouth, 38, Forward",4(13),464,1,1,0.4,0.3,0.4,0.2,0.4,0.7,-,6.21
"James Vaughan

Everton, 32, FW",0(8),55,1,-,0.4,-,-,0.1,0.1,0.4,-,6.21
"Danny Welbeck

Man Utd, 29, AM(CLR),FW",1(4),137,-,-,1.2,0.2,0.2,0.4,-,0.8,-,6.21
"Chris Iwelumo

Wolves, 42, Forward",2(13),414,-,-,0.5,0.9,0.1,0.3,0.4,0.3,-,6.20
"Nathan Delfouneso

Aston Villa, 29, AM(CLR),FW",0(9),187,1,-,0.7,-,0.4,0.2,0.1,1,-,6.20
"Johannes Karl Gudjonsson

Burnley, 40, Midfielder",1(9),312,-,-,0.2,0.3,-,0.5,0.1,1,-,6.19
"Steven Reid

Blackburn, 39, D(R)",1(3),124,-,-,0.3,0.3,0.3,0.5,-,0.3,-,6.18
"Danny Pugh

Stoke, 37, D(L),M(L)",1(6),179,1,-,0.4,0.3,0.1,0.4,-,0.3,-,6.18
"Andrea Dossena

Liverpool, 38, D(L),M(L)",1(1),54,-,-,0.5,-,-,0.5,-,1,-,6.18
"Fernando Guerrero

Burnley, 31, Midfielder",0(7),72,-,-,0.6,0.1,0.7,0.4,-,0.4,-,6.18
"Dani Pacheco

Liverpool, 29, Forward",0(4),40,-,-,0.8,0.3,0.3,0.3,0.3,0.8,-,6.18
"David Nugent

Portsmouth, 35, M(C),FW",0(3),29,-,-,1,0.3,0.3,-,-,-,-,6.17
"Abdisalam Abdulkadir Ibrahim

Man City, 29, M(C)",0(1),14,-,-,1,-,-,-,-,1,-,6.16
"Fabio Borini

Chelsea, 29, M(CLR),FW",0(4),32,-,-,0.8,0.3,0.3,0.5,-,0.8,-,6.15
"Stefan Maierhofer

Wolves, 38, FW",1(7),180,1,-,0.8,0.4,-,0.3,0.1,0.9,-,6.14
"Jordan Spence

West Ham, 30, D(CR),M(R)",0(1),2,-,-,-,-,-,-,-,-,-,6.14
"Andrew Surman

Wolves, 34, M(CL)",3(4),315,-,-,0.6,0.9,0.1,0.3,-,0.9,-,6.13
"Scott Sinclair

Wigan, 31, AM(LR),FW",1(17),341,1,-,0.5,0.2,0.4,0.2,-,0.7,-,6.12
"David Healy

Sunderland, 41, Forward",0(3),32,-,-,-,0.3,-,0.3,-,-,-,6.11
"Jack Robinson

Liverpool, 27, D(CL),M(L)",0(1),2,-,-,-,1,-,-,-,-,-,6.11
"Amr Zaki

Hull, 37, Forward",2(4),228,-,-,0.8,0.2,0.3,1.2,0.3,1.8,-,6.11
"Marlon King

Wigan, 40, Forward",0(3),14,-,-,-,-,-,-,-,-,-,6.10
"Damien Johnson

Birmingham, 41, Midfielder",0(1),2,-,-,1,-,-,-,-,-,-,6.10
"Daniel Cousin

Hull, 43, Forward",1(2),77,-,-,1,0.3,0.3,0.3,-,1,-,6.09
"Giovani dos Santos

Tottenham, 31, AM(CLR),FW",0(1),12,-,-,-,-,-,-,-,-,-,6.09
"Jay Spearing

Liverpool, 31, M(C)",1(2),76,-,-,0.7,0.3,-,0.7,-,0.7,-,6.09
"Nathan Eccleston

Liverpool, 29, Forward",0(1),12,-,-,-,-,1,-,-,-,-,6.08
"Alex Nimely

Man City, 29, Forward",0(1),7,-,-,1,1,-,-,-,-,-,6.07
"Sam Vokes

Wolves, 30, FW",0(5),43,-,-,1,-,-,0.2,-,-,-,6.05
"Benjani

Sunderland, 42, FW",1(7),120,-,-,0.3,-,-,-,0.4,0.5,-,6.05
"Jamie O'Hara

Tottenham, 33, M(C)",0(2),9,-,-,0.5,-,-,-,-,-,-,6.05
"Vladimir Stojkovic

Wigan, 37, GK",4,360,-,-,-,-,-,0.3,-,-,-,6.05
"Cho Won-Hee

Wigan, 37, Midfielder",1(3),111,-,-,0.5,0.3,-,0.3,-,0.5,-,6.04
"Andriy Shevchenko

Chelsea, 43, M(C)",0(1),3,-,-,-,-,-,1,-,-,-,6.03
"Freddie Sears

West Ham, 30, M(CLR),FW",0(1),12,-,-,-,-,-,-,-,-,-,6.03
"Fredrik Stoor

Fulham, 36, Defender",0(2),24,-,-,-,-,-,-,-,-,-,6.03
"Richard Cresswell

Stoke, 42, Forward",1(1),64,-,-,0.5,-,-,0.5,-,0.5,-,6.03
"Paul Gallagher

Blackburn, 36, M(CLR)",0(1),16,-,-,-,-,-,-,-,-,-,6.02
"Jose Baxter

Everton, 28, Midfielder",0(2),4,-,-,-,-,-,-,-,1,-,6.02
"Greg Cunningham

Man City, 29, D(CL),M(L)",0(2),2,-,-,-,-,-,-,-,-,-,6.00
"Jack Wilshere

Arsenal, 28, M(CLR)",0(1),1,-,-,-,-,-,-,-,-,-,6.00
"Jake Livermore

Tottenham, 30, D(C),DMC",0(1),1,-,-,-,-,-,-,-,-,-,6.00
"Kieran Agard

Everton, 30, FW",0(1),1,-,-,-,-,-,-,-,-,-,6.00
"Kyle Naughton

Tottenham, 31, D(CLR),M(R)",0(1),1,-,-,-,-,-,-,-,-,-,6.00
"Louis Moult

Stoke, 28, FW",0(1),5,-,-,-,-,-,-,-,-,-,6.00
"Owen Hargreaves

Man Utd, 39, Midfielder",0(1),1,-,-,-,-,-,-,-,-,-,6.00
"Mustapha Riga

Bolton, 38, Midfielder",0(1),1,-,-,-,-,-,-,-,-,-,6.00
"Stephen Darby

Liverpool, 31, Defender",0(1),1,-,-,-,-,-,-,-,-,-,6.00
"Danny Ward

Bolton, 28, AM(CL),FW",0(2),16,-,-,0.5,0.5,-,-,-,-,-,6.00
"Michael Johnson

Man City, 32, Midfielder",0(1),1,-,-,-,-,-,-,-,-,-,5.99
"Toni Kallio

Fulham, 42, Defender",0(1),45,-,-,-,-,-,-,-,-,-,5.99
"Frédéric Nimani

Burnley, 31, Forward",0(2),44,-,-,-,-,-,-,0.5,-,-,5.98
"Peter Kurucz

West Ham, 32, Goalkeeper",0(1),17,-,-,-,-,-,-,-,-,-,5.98
"Eddie Johnson

Fulham, 36, FW",0(2),22,-,-,0.5,-,-,-,-,0.5,-,5.98
"George Friend

Wolves, 32, D(CL),M(L)",1,61,-,-,2,-,-,-,-,3,-,5.95
"Craig Gardner

Aston Villa, 33, D(R),M(CLR)",0(1),4,-,-,-,-,-,-,-,-,-,5.89
"Diego Penny

Burnley, 36, Goalkeeper",0(1),76,-,-,-,-,-,-,-,-,-,5.89
"Jay O'Shea

Birmingham, 32, Midfielder",0(1),8,-,-,-,-,-,-,-,1,-,5.88
"Erik Edman

Wigan, 41, Defender",2(1),187,-,-,0.7,0.7,0.3,0.7,-,0.3,-,5.84
"Olivier Kapo

Wigan, 39, AM(C),FW",0(1),31,-,-,2,1,-,-,-,5,-,5.79
"Joleon Lescott

Everton, 38, D(CL)",1,90,-,-,-,-,-,-,-,-,-,5.65
"Jack Colback

Sunderland, 30, D(L),M(C)",0(1),12,-,-,-,-,-,-,-,-,-,5.20
